{"cameraMode":{"drawMode":0,"name":"Shaded","section":"Shading Mode"},"sceneLighting":false,"audioPlay":false,"sceneViewState":{"showFog":true,"showMaterialUpdate":false,"showSkybox":false,"showFlares":true,"showImageEffects":true,"showParticleSystems":true},"in2DMode":false,"pivot":{"x":-1.0249522924423218,"y":1.5944483280181885,"z":-3.5102500915527345},"rotation":{"x":-0.07219524681568146,"y":0.9244537353515625,"z":-0.22066141664981843,"w":-0.30245938897132876},"size":3.4414775371551515,"orthographic":false}