{"cameraMode":{"drawMode":0,"name":"Shaded","section":"Shading Mode"},"sceneLighting":true,"audioPlay":false,"sceneViewState":{"showFog":true,"showMaterialUpdate":false,"showSkybox":true,"showFlares":true,"showImageEffects":true,"showParticleSystems":true},"in2DMode":false,"pivot":{"x":-2.016695022583008,"y":1.625718116760254,"z":0.16259288787841798},"rotation":{"x":-0.07219524681568146,"y":0.9244537353515625,"z":-0.22066141664981843,"w":-0.30245938897132876},"size":22.0,"orthographic":false}